Workbook

Sheet 练习题1
B1: 数学 | C1: 英语 | D1: 语文 | F1: 姓名 | G1: 学科 | H1: 成绩
A2: 陈六 | B2: 54 | C2: 88 | D2: 55 | F2: 陈六 | G2: 英语 | H2: {=INDEX($A$1:$D$6,MATCH($F2,$A$2:$A$6,1)+1,MATCH($G2,$B$1:$D$1,1)+1)} -> 88
A3: 李四 | B3: 81 | C3: 92 | D3: 91 | F3: 王五 | G3: 数学 | H3: {=INDEX($A$1:$D$6,MATCH($F3,$A$2:$A$6,1)+1,MATCH($G3,$B$1:$D$1,1)+1)} -> 59
A4: 王五 | B4: 59 | C4: 100 | D4: 76 | F4: 周七 | G4: 英语 | H4: {=INDEX($A$1:$D$6,MATCH($F4,$A$2:$A$6,1)+1,MATCH($G4,$B$1:$D$1,1)+1)} -> 99
A5: 张三 | B5: 55 | C5: 87 | D5: 68 | F5: 陈六 | G5: 语文 | H5: {=INDEX($A$1:$D$6,MATCH($F5,$A$2:$A$6,1)+1,MATCH($G5,$B$1:$D$1,1)+1)} -> 55
A6: 周七 | B6: 72 | C6: 99 | D6: 89 | F6: 王五 | G6: 英语 | H6: {=INDEX($A$1:$D$6,MATCH($F6,$A$2:$A$6,1)+1,MATCH($G6,$B$1:$D$1,1)+1)} -> 100
C8: 查找对象 | D8: 位置
C9: 陈六 | D9: =MATCH(C9,$A$2:$A$6,1) -> 1
C10: 英语 | D10: =MATCH(C10,$B$1:$D$1,1) -> 2

Sheet 练习题2
A1: 原数据 | F1: 原数据 | K1: 原数据
A2: 6 | C2: 查找方式为0时： | F2: 6 | H2: 查找方式为1时： | K2: 89 | M2: 查找方式为-1时：
A3: 89 | F3: 13 | K3: 64
A4: 13 | C4: 查找对象 | D4: 12 | F4: 21 | H4: 查找对象 | I4: 20 | K4: 55 | M4: 查找对象 | N4: 50
A5: 55 | C5: 位置 | D5: =MATCH(D4,A2:A8,0) -> #N/A | F5: 33 | H5: 位置 | I5: =MATCH(I4,F2:F8,1) -> 2 | K5: 33 | M5: 位置 | N5: =MATCH(N4,K2:K8,-1) -> 3
A6: 64 | D6: =MATCH(D4,A2:A8,) -> #N/A | F6: 55 | I6: =MATCH(I4,F2:F8) -> 2 | K6: 21
A7: 33 | F7: 64 | K7: 13
A8: 21 | F8: 89 | K8: 6
B9: 精确查找，无须排序 | G9: 模糊查找，升序排序 | L9: 模糊查找，降序排序
B10: 找不到，就返回错误值 | G10: 找不到，就返回小于查找对象的最大值 | L10: 找不到，就返回大于查找对象的最小值
B11: 支持通配符 | G11: 不支持通配符 | L11: 不支持通配符

Sheet 练习题3
A1: 工资表
A2: 编号 | B2: 姓名 | C2: 等级工资 | D2: 公积金 | E2: 聘任津贴 | F2: 实发工资 | G2: 医疗保险 | H2: 应发合计 | I2: 应扣合计
A3: 1001 | B3: 陈莎 | C3: 2436 | D3: 624 | E3: 841 | F3: 2463 | G3: 190 | H3: 3277 | I3: 814
A4: 1002 | B4: 苗丹 | C4: 2931 | D4: 338 | E4: 637 | F4: 3165 | G4: 65 | H4: 3568 | I4: 403
A5: 1003 | B5: 秦妙海 | C5: 3270 | D5: 499 | E5: 641 | F5: 3196 | G5: 216 | H5: 3911 | I5: 715
A6: 1004 | B6: 苏莺 | C6: 2613 | D6: 329 | E6: 943 | F6: 3043 | G6: 184 | H6: 3556 | I6: 513
A7: 1005 | B7: 童亦寒 | C7: 3339 | D7: 441 | E7: 642 | F7: 3230 | G7: 310 | H7: 3981 | I7: 751
A8: 1006 | B8: 云翠安 | C8: 2326 | D8: 553 | E8: 656 | F8: 2289 | G8: 140 | H8: 2982 | I8: 693
A10: 姓名 | B10: 公积金 | C10: 医疗保险 | D10: 等级工资 | E10: 聘任津贴 | F10: 实发工资 | H10: 解法1：用vlookup+match
A11: 苗丹 | B11: =VLOOKUP($A11,$B$3:$I$8,MATCH(练习题3!B$10,练习题3!$C$2:$I$2,1)+1,0) -> 338 | C11: =VLOOKUP($A11,$B$3:$I$8,MATCH(练习题3!C$10,练习题3!$C$2:$I$2,1)+1,0) -> 65 | D11: =VLOOKUP($A11,$B$3:$I$8,MATCH(练习题3!D$10,练习题3!$C$2:$I$2,1)+1,0) -> 2931 | E11: =VLOOKUP($A11,$B$3:$I$8,MATCH(练习题3!E$10,练习题3!$C$2:$I$2,1)+1,0) -> 637 | F11: =VLOOKUP($A11,$B$3:$I$8,MATCH(练习题3!F$10,练习题3!$C$2:$I$2,1)+1,0) -> 3165 | H11: 解法2：用index+match
A12: 童亦寒 | B12: =VLOOKUP($A12,$B$3:$I$8,MATCH(练习题3!B$10,练习题3!$C$2:$I$2,1)+1,0) -> 441 | C12: =VLOOKUP($A12,$B$3:$I$8,MATCH(练习题3!C$10,练习题3!$C$2:$I$2,1)+1,0) -> 310 | D12: =VLOOKUP($A12,$B$3:$I$8,MATCH(练习题3!D$10,练习题3!$C$2:$I$2,1)+1,0) -> 3339 | E12: =VLOOKUP($A12,$B$3:$I$8,MATCH(练习题3!E$10,练习题3!$C$2:$I$2,1)+1,0) -> 642 | F12: =VLOOKUP($A12,$B$3:$I$8,MATCH(练习题3!F$10,练习题3!$C$2:$I$2,1)+1,0) -> 3230
A13: 陈莎 | B13: =VLOOKUP($A13,$B$3:$I$8,MATCH(练习题3!B$10,练习题3!$C$2:$I$2,1)+1,0) -> 624 | C13: =VLOOKUP($A13,$B$3:$I$8,MATCH(练习题3!C$10,练习题3!$C$2:$I$2,1)+1,0) -> 190 | D13: =VLOOKUP($A13,$B$3:$I$8,MATCH(练习题3!D$10,练习题3!$C$2:$I$2,1)+1,0) -> 2436 | E13: =VLOOKUP($A13,$B$3:$I$8,MATCH(练习题3!E$10,练习题3!$C$2:$I$2,1)+1,0) -> 841 | F13: =VLOOKUP($A13,$B$3:$I$8,MATCH(练习题3!F$10,练习题3!$C$2:$I$2,1)+1,0) -> 2463
A15: 姓名 | B15: 公积金 | C15: 医疗保险 | D15: 等级工资 | E15: 聘任津贴 | F15: 实发工资
A16: 苗丹 | B16: {=INDEX($B$2:$I$8,MATCH($A16,$B$3:$B$8,0)+1,MATCH(B$15,$C$2:$I$2,0)+1)} -> 338 | C16: {=INDEX($B$2:$I$8,MATCH($A16,$B$3:$B$8,0)+1,MATCH(C$15,$C$2:$I$2,0)+1)} -> 65 | D16: {=INDEX($B$2:$I$8,MATCH($A16,$B$3:$B$8,0)+1,MATCH(D$15,$C$2:$I$2,0)+1)} -> 2931 | E16: {=INDEX($B$2:$I$8,MATCH($A16,$B$3:$B$8,0)+1,MATCH(E$15,$C$2:$I$2,0)+1)} -> 637 | F16: {=INDEX($B$2:$I$8,MATCH($A16,$B$3:$B$8,0)+1,MATCH(F$15,$C$2:$I$2,0)+1)} -> 3165
A17: 童亦寒 | B17: {=INDEX($B$2:$I$8,MATCH($A17,$B$3:$B$8,0)+1,MATCH(B$15,$C$2:$I$2,0)+1)} -> 441 | C17: {=INDEX($B$2:$I$8,MATCH($A17,$B$3:$B$8,0)+1,MATCH(C$15,$C$2:$I$2,0)+1)} -> 310 | D17: {=INDEX($B$2:$I$8,MATCH($A17,$B$3:$B$8,0)+1,MATCH(D$15,$C$2:$I$2,0)+1)} -> 3339 | E17: {=INDEX($B$2:$I$8,MATCH($A17,$B$3:$B$8,0)+1,MATCH(E$15,$C$2:$I$2,0)+1)} -> 642 | F17: {=INDEX($B$2:$I$8,MATCH($A17,$B$3:$B$8,0)+1,MATCH(F$15,$C$2:$I$2,0)+1)} -> 3230
A18: 陈莎 | B18: {=INDEX($B$2:$I$8,MATCH($A18,$B$3:$B$8,0)+1,MATCH(B$15,$C$2:$I$2,0)+1)} -> 624 | C18: {=INDEX($B$2:$I$8,MATCH($A18,$B$3:$B$8,0)+1,MATCH(C$15,$C$2:$I$2,0)+1)} -> 190 | D18: {=INDEX($B$2:$I$8,MATCH($A18,$B$3:$B$8,0)+1,MATCH(D$15,$C$2:$I$2,0)+1)} -> 2436 | E18: {=INDEX($B$2:$I$8,MATCH($A18,$B$3:$B$8,0)+1,MATCH(E$15,$C$2:$I$2,0)+1)} -> 841 | F18: {=INDEX($B$2:$I$8,MATCH($A18,$B$3:$B$8,0)+1,MATCH(F$15,$C$2:$I$2,0)+1)} -> 2463

Sheet 练习题4
B1: 原数据 | C1: 原数 | D1: 原数据 | E1: 提取字母左侧数字
B2: 21djo20 | C2: 21 | D2: djo | E2: 20 | F2: 21djo20
B3: 5451mdk451 | C3: 5451 | D3: mdk | E3: 451 | F3: 5451mdk451
B4: 623sjim851201 | C4: 623 | D4: sjim | E4: 851201 | F4: 623sjim851201
B5: 848451ku1285 | C5: 848451 | D5: ku | E5: 1285 | F5: 848451ku1285
B8: 解法：用match的模糊查找+left函数实现
B9: 123

Sheet 练习题5
A1: 月份 | B1: 营业额 | D1: 找出首次超过平均营业额的月份
A2: 六月 | B2: 3280
A3: 二月 | B3: 3717 | D3: 找出首次超过平均营业额的最大的月份 | H3: =INDEX($A$2:$A$13,MATCH(B14,$B$2:$B$13,-1),1) -> #N/A
A4: 十一月 | B4: 3740
A5: 四月 | B5: 4083
A6: 九月 | B6: 4247
A7: 一月 | B7: 4250
A8: 十二月 | B8: 4452
A9: 五月 | B9: 4822
A10: 十月 | B10: 4863
A11: 八月 | B11: 6652
A12: 七月 | B12: 6819
A13: 三月 | B13: 7217
B14: =AVERAGE(B2:B13) -> 4845.1667

Sheet 练习题6
A1: 姓名 | B1: 是否重复
A2: 云翠安
A3: 苏莺
A4: 童亦寒
A5: 苗丹
A6: 秦妙海
A7: 陈莎
A8: 苏莺
A9: 苗丹
A11: 用match函数查找重复值
