Workbook

Sheet 简单版
B1: A | C1: 1 | E1: B | F1: =VLOOKUP($E1,$B$1:$C$5,2,0) -> 2
B2: B | C2: 2 | E2: D | F2: =VLOOKUP($E2,$B$1:$C$5,2,0) -> 4
B3: C | C3: 3 | E3: A | F3: =VLOOKUP($E3,$B$1:$C$5,2,0) -> 1
B4: D | C4: 4 | E4: C | F4: =VLOOKUP($E4,$B$1:$C$5,2,0) -> 3
B5: E | C5: 5 | E5: E | F5: =VLOOKUP($E5,$B$1:$C$5,2,0) -> 5

Sheet 津贴发放
A1: 序号 | B1: 部门 | C1: 姓名 | D1: 发放金额 | E1: 银行账号
A2: 1 | B2: 编辑部 | C2: 张全蛋 | D2: 2000 | E2: =VLOOKUP($C2,员工银行账号!$C$2:$D$19,2,0) -> 6210103948484052334134
A3: 2 | B3: 编辑部 | C3: 李大仁 | D3: 2000 | E3: =VLOOKUP($C3,员工银行账号!$C$2:$D$19,2,0) -> 6234525892859284952345
A4: 3 | B4: 编辑部 | C4: 黄翠花 | D4: 2000 | E4: =VLOOKUP($C4,员工银行账号!$C$2:$D$19,2,0) -> 3452345934529452345233
A5: 4 | B5: 编辑部 | C5: 杨晓丽 | D5: 2000 | E5: =VLOOKUP($C5,员工银行账号!$C$2:$D$19,2,0) -> 3452345234246245245232
A6: 5 | B6: 编辑部 | C6: 杨春丹 | D6: 2000 | E6: =VLOOKUP($C6,员工银行账号!$C$2:$D$19,2,0) -> 1203102049134134123402
A7: 6 | B7: 编辑部 | C7: 奥特曼 | D7: 2000 | E7: =VLOOKUP($C7,员工银行账号!$C$2:$D$19,2,0) -> 3040123840235324523452
A8: 7 | B8: 编辑部 | C8: 伏特加 | D8: 2000 | E8: =VLOOKUP($C8,员工银行账号!$C$2:$D$19,2,0) -> 5223985092052352453662
A9: 8 | B9: 编辑部 | C9: 比沙特 | D9: 2000 | E9: =VLOOKUP($C9,员工银行账号!$C$2:$D$19,2,0) -> 8059352452463490920983
A10: 9 | B10: 运营部 | C10: 王大锤 | D10: 3000 | E10: =VLOOKUP($C10,员工银行账号!$C$2:$D$19,2,0) -> 62983409127350970597023
A11: 10 | B11: 运营部 | C11: 费玉石 | D11: 3000 | E11: =VLOOKUP($C11,员工银行账号!$C$2:$D$19,2,0) -> 3459280524352452345245
A12: 11 | B12: 运营部 | C12: 陈美丽 | D12: 3000 | E12: =VLOOKUP($C12,员工银行账号!$C$2:$D$19,2,0) -> 6345125234492843523455
A13: 12 | B13: 运营部 | C13: 郑动西 | D13: 3000 | E13: =VLOOKUP($C13,员工银行账号!$C$2:$D$19,2,0) -> 34528029430871239875923
... A19: 18 | B19: 财务部 | C19: 王小梦 | D19: 1000 | E19: =VLOOKUP($C19,员工银行账号!$C$2:$D$19,2,0) -> 4520452452453452345234

Sheet 员工银行账号
A1: 序号 | B1: 性别 | C1: 姓名 | D1: 账号
A2: 1 | B2: 男 | C2: 张全蛋 | D2: 6210103948484052334134
A3: 2 | B3: 男 | C3: 李大仁 | D3: 6234525892859284952345
A4: 3 | B4: 女 | C4: 黄翠花 | D4: 3452345934529452345233
A5: 4 | B5: 女 | C5: 杨晓丽 | D5: 3452345234246245245232
A6: 5 | B6: 女 | C6: 杨春丹 | D6: 1203102049134134123402
A7: 6 | B7: 男 | C7: 奥特曼 | D7: 3040123840235324523452
A8: 7 | B8: 女 | C8: 伏特加 | D8: 5223985092052352453662
A9: 8 | B9: 男 | C9: 比沙特 | D9: 8059352452463490920983
A10: 9 | B10: 男 | C10: 方大人 | D10: 3093957925879898092352
A11: 10 | B11: 女 | C11: 小崔向 | D11: 3898925790230945853245
A12: 11 | B12: 男 | C12: 哆啦A梦 | D12: 2348058290385092809580
A13: 12 | B13: 女 | C13: 王小梦 | D13: 4520452452453452345234
... A19: 18 | B19: 男 | C19: 王大锤 | D19: 62983409127350970597023
